﻿--
-- Script was generated by Devart dbForge Studio for MySQL, Version 8.0.40.0
-- Product home page: http://www.devart.com/dbforge/mysql/studio
-- Script date 17/06/2022 20:43:03
-- Server version: 5.5.5-10.1.40-MariaDB
-- Client version: 4.1
--

-- 
-- Disable foreign keys
-- 
/*!40014 SET @OLD_FOREIGN_KEY_CHECKS=@@FOREIGN_KEY_CHECKS, FOREIGN_KEY_CHECKS=0 */;

-- 
-- Set SQL mode
-- 
/*!40101 SET @OLD_SQL_MODE=@@SQL_MODE, SQL_MODE='NO_AUTO_VALUE_ON_ZERO' */;

-- 
-- Set character set the client will use to send SQL statements to the server
--
SET NAMES 'utf8';

DROP DATABASE IF EXISTS material;

CREATE DATABASE IF NOT EXISTS material
CHARACTER SET latin1
COLLATE latin1_swedish_ci;

--
-- Set default database
--
USE material;

--
-- Create table `materiales`
--
CREATE TABLE IF NOT EXISTS materiales (
  codigoMA int(11) NOT NULL AUTO_INCREMENT,
  marca varchar(40) DEFAULT NULL,
  tipo varchar(40) DEFAULT NULL,
  precio decimal(10, 0) DEFAULT NULL,
  estado varchar(20) DEFAULT NULL,
  PRIMARY KEY (codigoMA)
)
ENGINE = INNODB,
AUTO_INCREMENT = 15,
AVG_ROW_LENGTH = 1170,
CHARACTER SET latin1,
COLLATE latin1_swedish_ci;

--
-- Create table `entrenadores`
--
CREATE TABLE IF NOT EXISTS entrenadores (
  codigoEN int(11) NOT NULL AUTO_INCREMENT,
  nombre varchar(40) DEFAULT NULL,
  apellidos varchar(80) DEFAULT NULL,
  antiguedad int(11) DEFAULT NULL,
  telefono int(9) DEFAULT NULL,
  titulado tinyint(1) DEFAULT NULL,
  PRIMARY KEY (codigoEN)
)
ENGINE = INNODB,
AUTO_INCREMENT = 4,
AVG_ROW_LENGTH = 5461,
CHARACTER SET latin1,
COLLATE latin1_swedish_ci;

--
-- Create table `emplean`
--
CREATE TABLE IF NOT EXISTS emplean (
  id int(11) NOT NULL AUTO_INCREMENT,
  codigoEN int(11) NOT NULL,
  codigoMA int(11) NOT NULL,
  PRIMARY KEY (id)
)
ENGINE = INNODB,
CHARACTER SET latin1,
COLLATE latin1_swedish_ci;

--
-- Create foreign key
--
ALTER TABLE emplean
ADD CONSTRAINT fk_codigoEN_entrenadores FOREIGN KEY (codigoEN)
REFERENCES entrenadores (codigoEN) ON DELETE CASCADE ON UPDATE CASCADE;

--
-- Create foreign key
--
ALTER TABLE emplean
ADD CONSTRAINT fk_codigoMA_materiales FOREIGN KEY (codigoMA)
REFERENCES materiales (codigoMA) ON DELETE CASCADE ON UPDATE CASCADE;

--
-- Create table `categorias`
--
CREATE TABLE IF NOT EXISTS categorias (
  codigoEN int(11) NOT NULL AUTO_INCREMENT,
  categoria varchar(40) NOT NULL,
  PRIMARY KEY (codigoEN, categoria)
)
ENGINE = INNODB,
CHARACTER SET latin1,
COLLATE latin1_swedish_ci;

--
-- Create foreign key
--
ALTER TABLE categorias
ADD CONSTRAINT fk_categoria_entrenadores FOREIGN KEY (codigoEN)
REFERENCES entrenadores (codigoEN);

--
-- Create table `jugadores`
--
CREATE TABLE IF NOT EXISTS jugadores (
  codigoJU int(11) NOT NULL AUTO_INCREMENT,
  nombre varchar(40) DEFAULT NULL,
  apellidos varchar(80) DEFAULT NULL,
  posicion varchar(10) DEFAULT NULL,
  telefono int(9) DEFAULT NULL,
  PRIMARY KEY (codigoJU)
)
ENGINE = INNODB,
AUTO_INCREMENT = 42,
AVG_ROW_LENGTH = 399,
CHARACTER SET latin1,
COLLATE latin1_swedish_ci;

--
-- Create table `entrenan`
--
CREATE TABLE IF NOT EXISTS entrenan (
  id int(11) NOT NULL AUTO_INCREMENT,
  codigoEN int(11) NOT NULL,
  codigoJU int(11) NOT NULL,
  PRIMARY KEY (id)
)
ENGINE = INNODB,
CHARACTER SET latin1,
COLLATE latin1_swedish_ci;

--
-- Create foreign key
--
ALTER TABLE entrenan
ADD CONSTRAINT fk_codigoEN_entrenadore FOREIGN KEY (codigoEN)
REFERENCES entrenadores (codigoEN) ON DELETE CASCADE ON UPDATE CASCADE;

--
-- Create foreign key
--
ALTER TABLE entrenan
ADD CONSTRAINT fk_codigoJU_jugadors FOREIGN KEY (codigoJU)
REFERENCES jugadores (codigoJU);

--
-- Create table `corazas`
--
CREATE TABLE IF NOT EXISTS corazas (
  codigoCO int(11) NOT NULL AUTO_INCREMENT,
  marca varchar(40) DEFAULT NULL,
  talla varchar(10) DEFAULT NULL,
  precio decimal(10, 0) DEFAULT NULL,
  año_de_fabricación int(11) DEFAULT NULL,
  codigoJU int(11) DEFAULT NULL,
  PRIMARY KEY (codigoCO)
)
ENGINE = INNODB,
AUTO_INCREMENT = 16,
AVG_ROW_LENGTH = 1092,
CHARACTER SET latin1,
COLLATE latin1_swedish_ci;

--
-- Create index `uk_codigoJU_jugadores` on table `corazas`
--
ALTER TABLE corazas
ADD UNIQUE INDEX uk_codigoJU_jugadores (codigoJU);

--
-- Create foreign key
--
ALTER TABLE corazas
ADD CONSTRAINT fk_codigoJu_jugadore FOREIGN KEY (codigoJU)
REFERENCES jugadores (codigoJU) ON DELETE CASCADE;

--
-- Create table `cascos`
--
CREATE TABLE IF NOT EXISTS cascos (
  codigoCA int(11) NOT NULL AUTO_INCREMENT,
  marca varchar(40) DEFAULT NULL,
  modelo varchar(80) DEFAULT NULL,
  talla varchar(10) DEFAULT NULL,
  precio decimal(10, 0) DEFAULT NULL,
  año_de_fabricación int(11) DEFAULT NULL,
  codigoJU int(11) DEFAULT NULL,
  PRIMARY KEY (codigoCA)
)
ENGINE = INNODB,
AUTO_INCREMENT = 15,
AVG_ROW_LENGTH = 1170,
CHARACTER SET latin1,
COLLATE latin1_swedish_ci;

--
-- Create index `uk_codigoJU_jugadores` on table `cascos`
--
ALTER TABLE cascos
ADD UNIQUE INDEX uk_codigoJU_jugadores (codigoJU);

--
-- Create foreign key
--
ALTER TABLE cascos
ADD CONSTRAINT fk_codigoJu_jugadores FOREIGN KEY (codigoJU)
REFERENCES jugadores (codigoJU);

-- 
-- Dumping data for table materiales
--
INSERT INTO materiales VALUES
(1, 'Jambo', 'Escudo', 90, 'Bueno'),
(2, 'Jambo', 'Escudo', 90, 'Bueno'),
(3, 'Jambo', 'Escudo', 90, 'Bueno'),
(4, 'Jambo', 'Escudo', 90, 'Bueno'),
(5, 'Jambo', 'Escudo', 90, 'Bueno'),
(6, 'Jambo', 'Escudo', 90, 'Roto'),
(7, 'Jambo', 'Escudo', 90, 'Roto'),
(8, 'Jambo', 'Trapecio', 140, 'Bueno'),
(9, 'Jambo', 'Trapecio', 140, 'Bueno'),
(10, 'Jambo', 'Trapecio', 140, 'Bueno'),
(11, 'Jambo', 'Trapecio', 140, 'Bueno'),
(12, 'Jambo', 'Trapecio', 140, 'Bueno'),
(13, 'Jambo', 'Trapecio', 140, 'Bueno'),
(14, 'Jambo', 'Trapecio', 140, 'Roto');

-- 
-- Dumping data for table entrenadores
--
INSERT INTO entrenadores VALUES
(1, 'Manuel', 'Vigo', 7, 639015106, 1),
(2, 'Juan', 'Novo', 4, 679450225, 0),
(3, 'Manuel', 'Cantera', 4, 696376107, 0);

-- 
-- Dumping data for table jugadores
--
INSERT INTO jugadores VALUES
(1, 'Kevin Alberto', 'Benitez', 'TE', 611464897),
(2, 'Alvaro', 'Garcia', 'WR', 644957368),
(3, 'Jose Julian', 'Perez', 'DB', 608747826),
(4, 'Raul', 'Martin', 'DL', 687632995),
(5, 'Borja', 'De Diego', 'WR', 692108313),
(6, 'Raul', 'Fernandez', 'LB', 645313665),
(7, 'Joaquin', 'Maza', 'WR', 689544868),
(8, 'Joaquin', 'Lopez', 'RB', 660283986),
(9, 'David', 'Sanchez', 'WR', 695866572),
(10, 'Borja', 'Hawk', 'WR', 654451996),
(11, 'Federico Moises', 'Bruhnke', 'RB', 632578169),
(12, 'Diego', 'Garcia', 'WR', 665916493),
(13, 'Asier', 'Navas', 'SS', 636209474),
(14, 'Manuel', 'Cantera', 'QB', 696376107),
(15, 'Julio Cesar', 'Gonzalez', 'RB', 641655071),
(16, 'Angel Felipe', 'Bahos', 'RB', 633705995),
(17, 'Ignacio Javier', 'Revenga', 'CB', 680768800),
(18, 'Maximino', 'Garrido', 'LB', 628563870),
(19, 'Laro', 'Villegas', 'CB', 671729690),
(20, 'Jesus', 'Serna', 'RB', 648646380),
(21, 'Carlos Felipe', 'Arruzas', 'OL', 628613896),
(22, 'Diego', 'Garcia de Fuentes', 'DL', 647139397),
(23, 'Raul', 'Camarero', 'LB', 639238799),
(24, 'Carlos', 'Barrera', 'DL', 658681013),
(25, 'Juan', 'Gutierrez', 'OL', 676876254),
(26, 'Raul', 'Parra', 'LB', 600850569),
(27, 'Andres', 'Del Arbol', 'DL', 672198553),
(28, 'Cristian', 'Mato', 'OL', 635823303),
(29, 'Hiran Agustin', 'Caballero', 'DL', 624274732),
(30, 'Adrian', 'Garrido', 'OL', 664113574),
(31, 'Francisco', 'Martinez', 'OL', 699534323),
(32, 'Maximiliano', 'Caruso', 'DL', 622600309),
(33, 'Cristian Fabian', 'Romero', 'DL', 600329196),
(34, 'Alfonso Bustamante', 'De la Vega', 'OL', 608068587),
(35, 'Angel', 'Martorell', 'CB', 665456583),
(36, 'Ricardo', 'Aguero', 'CB', 626150941),
(37, 'Nuño', 'Merino', 'WR', 658394220),
(38, 'Felipe', 'Suarez', 'TE', 685049752),
(39, 'Carlos', 'Solagaistoa', 'TE', 615108450),
(40, 'Marcos', 'Villalobos', 'CB', 697321154),
(41, 'Sergio', 'Mongil', 'LB', 651898431);

-- 
-- Dumping data for table entrenan
--
-- Table material.entrenan does not contain any data (it is empty)

-- 
-- Dumping data for table emplean
--
-- Table material.emplean does not contain any data (it is empty)

-- 
-- Dumping data for table corazas
--
INSERT INTO corazas VALUES
(1, 'Douglas', 'S', 126, 2021, 1),
(2, 'Douglas', 'S', 126, 2021, 2),
(3, 'Douglas', 'S', 126, 2021, 3),
(4, 'Douglas', 'M', 126, 2021, 4),
(5, 'Douglas', 'M', 126, 2021, 5),
(6, 'Douglas', 'M', 126, 2021, 6),
(7, 'Douglas', 'L', 126, 2021, 7),
(8, 'Douglas', 'L', 126, 2021, 8),
(9, 'Douglas', 'XL', 126, 2021, 9),
(10, 'Douglas', 'S', 126, 2021, NULL),
(11, 'Douglas', 'M', 126, 2021, NULL),
(12, 'Douglas', 'M', 126, 2021, NULL),
(13, 'Douglas', 'XL', 126, 2021, NULL),
(14, 'Douglas', 'L', 126, 2021, NULL),
(15, 'Douglas', 'L', 126, 2021, NULL);

-- 
-- Dumping data for table categorias
--
-- Table material.categorias does not contain any data (it is empty)

-- 
-- Dumping data for table cascos
--
INSERT INTO cascos VALUES
(1, 'Rawlings', 'Impulse', 'L', 82, 2021, 1),
(2, 'Rawlings', 'Impulse', 'L', 82, 2021, 2),
(3, 'Rawlings', 'Impulse', 'L', 82, 2021, 3),
(4, 'Rawlings', 'Impulse', 'L', 82, 2021, 4),
(5, 'Rawlings', 'Impulse', 'M', 82, 2021, 5),
(6, 'Rawlings', 'Impulse', 'M', 82, 2021, 6),
(7, 'Rawlings', 'Impulse', 'M', 82, 2021, 7),
(8, 'Rawlings', 'Impulse', 'XL', 82, 2021, 8),
(9, 'Rawlings', 'Impulse', 'XL', 82, 2021, 9),
(10, 'Rawlings', 'Impulse', 'XL', 82, 2021, 10),
(11, 'Rawlings', 'Impulse', 'XL', 82, 2021, NULL),
(12, 'Rawlings', 'Impulse', 'L', 82, 2021, NULL),
(13, 'Rawlings', 'Impulse', 'M', 82, 2021, NULL),
(14, 'Rawlings', 'Impulse', 'XL', 82, 2021, NULL);

-- 
-- Restore previous SQL mode
-- 
/*!40101 SET SQL_MODE=@OLD_SQL_MODE */;

-- 
-- Enable foreign keys
-- 
/*!40014 SET FOREIGN_KEY_CHECKS = @OLD_FOREIGN_KEY_CHECKS */;